{
  "metadata": {
    "description": "Sample parking lot ROI configuration",
    "reference_resolution": [1280, 720],
    "camera_id": "custom_lot_1",
    "created_date": "2025-12-01"
  },
  "parking_spaces": [
    {
      "id": "A1",
      "polygon": [[150, 200], [230, 200], [230, 320], [150, 320]],
      "type": "regular"
    },
    {
      "id": "A2",
      "polygon": [[240, 200], [320, 200], [320, 320], [240, 320]],
      "type": "regular"
    },
    {
      "id": "A3",
      "polygon": [[330, 200], [410, 200], [410, 320], [330, 320]],
      "type": "regular"
    },
    {
      "id": "A4",
      "polygon": [[420, 200], [500, 200], [500, 320], [420, 320]],
      "type": "regular"
    },
    {
      "id": "A5",
      "polygon": [[510, 200], [590, 200], [590, 320], [510, 320]],
      "type": "regular"
    },
    {
      "id": "A6",
      "polygon": [[600, 200], [680, 200], [680, 320], [600, 320]],
      "type": "regular"
    },
    {
      "id": "A7",
      "polygon": [[690, 200], [770, 200], [770, 320], [690, 320]],
      "type": "regular"
    },
    {
      "id": "A8",
      "polygon": [[780, 200], [860, 200], [860, 320], [780, 320]],
      "type": "regular"
    },
    {
      "id": "B1",
      "polygon": [[150, 380], [230, 380], [230, 500], [150, 500]],
      "type": "regular"
    },
    {
      "id": "B2",
      "polygon": [[240, 380], [320, 380], [320, 500], [240, 500]],
      "type": "regular"
    },
    {
      "id": "B3",
      "polygon": [[330, 380], [410, 380], [410, 500], [330, 500]],
      "type": "regular"
    },
    {
      "id": "B4",
      "polygon": [[420, 380], [500, 380], [500, 500], [420, 500]],
      "type": "regular"
    },
    {
      "id": "B5",
      "polygon": [[510, 380], [590, 380], [590, 500], [510, 500]],
      "type": "regular"
    },
    {
      "id": "B6",
      "polygon": [[600, 380], [680, 380], [680, 500], [600, 500]],
      "type": "regular"
    },
    {
      "id": "B7",
      "polygon": [[690, 380], [770, 380], [770, 500], [690, 500]],
      "type": "regular"
    },
    {
      "id": "B8",
      "polygon": [[780, 380], [860, 380], [860, 500], [780, 500]],
      "type": "regular"
    }
  ]
}
